Workbook
Name Slicer_Ld_Create_Dt: #N/A
Name Slicer_Week_Ending: #N/A

Sheet Total Cube Data
A1: Week Ending | B1: Ld Create Dt | C1: Load Information Lookup.Destinations | D1: Outbound Lineup.Column3 | E1: Total Loads | F1: Total Loaded Cube | G1: Total Equip Cap | H1: Total Mvmt $ | I1: Destination
A2: 45717 | B2: 45712 | C2: SDFAS D | D2: PD2 | E2: 1 | F2: 552 | G2: 1982 | H2: 601 | I2: 4009 D
A3: 45717 | B3: 45714 | C3: SDFAS D | D3: PD2 | E3: 1 | F3: 26 | G3: 1982 | H3: 600.54 | I3: 4009 D
A4: 45724 | B4: 45721 | C4: SDFAS D | D4: PD2 | E4: 1 | F4: 685 | G4: 1982 | H4: 600.54 | I4: 4009 D
A5: 45717 | B5: 45712 | C5: SYRNY N | D5: PD1 | E5: 3 | F5: 6125 | G5: 9642 | H5: 899.48 | I5: 1329 N
A6: 45717 | B6: 45712 | C6: SYRNY N | D6: PD1 | E6: 3 | F6: 6125 | G6: 9642 | H6: 899.48 | I6: 1329 N
A7: 45717 | B7: 45713 | C7: SYRNY N | D7: PD1 | E7: 2 | F7: 2550 | G7: 5812 | H7: 539.69 | I7: 1329 N
A8: 45717 | B8: 45713 | C8: SYRNY N | D8: PD1 | E8: 2 | F8: 2550 | G8: 5812 | H8: 539.69 | I8: 1329 N
A9: 45717 | B9: 45714 | C9: SYRNY N | D9: PD1 | E9: 1 | F9: 2221 | G9: 3818 | H9: 372.32 | I9: 1329 N
A10: 45717 | B10: 45714 | C10: SYRNY N | D10: PD1 | E10: 1 | F10: 2221 | G10: 3818 | H10: 372.32 | I10: 1329 N
A11: 45717 | B11: 45715 | C11: SYRNY N | D11: PD1 | E11: 2 | F11: 4174 | G11: 5800 | H11: 540 | I11: 1329 N
A12: 45717 | B12: 45715 | C12: SYRNY N | D12: PD1 | E12: 2 | F12: 4174 | G12: 5800 | H12: 540 | I12: 1329 N
A13: 45717 | B13: 45716 | C13: SYRNY N | D13: PD1 | E13: 2 | F13: 4069 | G13: 5800 | H13: 552 | I13: 1329 N
... A209: 45724 | B209: 45722 | C209: BURMD N | D209: PD3 | E209: 1 | F209: 2922 | G209: 3830 | H209: 332.94 | I209: 2079 N

Sheet Pivots
A3: Row Labels | H3: Row Labels
A4: 45717 | H4: 45715
A5: Grand Total | H5: Grand Total
A8: Row Labels | B8: Sum of Total Loaded Cube | C8: Sum of Total Equip Cap | D8: Sum of Total Utilization | E8: Sum of Total Mvmt $ | H8: Row Labels | I8: Sum of Total Loaded Cube | J8: Sum of Total Equip Cap | K8: Sum of Total Utilization | L8: Sum of Total Mvmt $
A9: ALLPA P | B9: 3288 | C9: 3830 | D9: 0.85848564 | E9: 26 | H9: NBACA D | I9: 3264 | J9: 3818 | K9: 0.85489785 | L9: 4645.13
A10: FLDIN T | B10: 3216 | C10: 3830 | D10: 0.83968668 | E10: 1172.45 | H10: SMAGA T | I10: 3228 | J10: 3830 | K10: 0.84281984 | L10: 1501.81
A11: NBACA D | B11: 16006 | C11: 19138 | D11: 0.83634654 | E11: 21120.73 | H11: BURMD N | I11: 3129 | J11: 3818 | K11: 0.81953903 | L11: 332.94
A12: SMAGA T | B12: 17330 | C12: 21132 | D12: 0.82008329 | E12: 8017.85 | H12: NASNY P | I12: 1506 | J12: 1982 | K12: 0.75983855 | L12: 109.19
A13: EMPCA T | B13: 11974 | C13: 15284 | D13: 0.78343366 | E13: 17249.89 | H13: EMPCA T | I13: 2893 | J13: 3818 | K13: 0.75772656 | L13: 4118.14
A14: Grand Total | B14: 51814 | C14: 63214 | D14: 0.8196602 | E14: 47586.92 | H14: Grand Total | I14: 14020 | J14: 17266 | K14: 0.81200046 | L14: 10707.21
A17: Row Labels | B17: Sum of Total Loaded Cube | C17: Sum of Total Equip Cap | D17: Sum of Total Utilization | E17: Sum of Total Mvmt $ | H17: Row Labels | I17: Sum of Total Loaded Cube | J17: Sum of Total Equip Cap | K17: Sum of Total Utilization | L17: Sum of Total Mvmt $
A18: CRBNJ N | B18: 112 | C18: 3230 | D18: 0.034674923 | E18: 221.85 | H18: SADNJ N | I18: 632 | J18: 3830 | K18: 0.16501305 | L18: 212
A19: SDFAS D | B19: 578 | C19: 3964 | D19: 0.14581231 | E19: 1201.54 | H19: EZRPA N | I19: 790 | J19: 3830 | K19: 0.20626632 | L19: 182.58
A20: SADNJ N | B20: 2514 | C20: 9630 | D20: 0.26105919 | E20: 529.47 | H20: MEANJ N | I20: 968 | J20: 3818 | K20: 0.25353588 | L20: 214.2
A21: CHEMA T | B21: 1021 | C21: 3230 | D21: 0.31609907 | E21: 560.27 | H21: M43NY N | I21: 2079 | J21: 3450 | K21: 0.6026087 | L21: 184.37
A22: PHLPA P | B22: 1246 | C22: 3830 | D22: 0.32532637 | E22: 216.75 | H22: BAYNJ N | I22: 5128 | J22: 7660 | K22: 0.6694517 | L22: 408
A23: Grand Total | B23: 5471 | C23: 23884 | D23: 0.22906548 | E23: 2729.88 | H23: Grand Total | I23: 9597 | J23: 22588 | K23: 0.42487161 | L23: 1201.15
A26: Row Labels | B26: Sum of Total Utilization | C26: Sum of Total Mvmt $ | D26: Sum of Total Loads | H26: Row Labels | I26: Sum of Total Utilization | J26: Sum of Total Mvmt $ | K26: Sum of Total Loads
A27: PD5 | B27: 0.71329116 | C27: 70490.02 | D27: 55 | H27: PD3 | I27: 0.7487262 | J27: 3745.93 | K27: 4
A28: PD3 | B28: 0.68727221 | C28: 32751.34 | D28: 34 | H28: PD5 | I28: 0.73769151 | J28: 10267.14 | K28: 8
A29: PD2 | B29: 0.6640998 | C29: 6544.9 | D29: 27 | H29: PD1 | I29: 0.64681377 | J29: 3525.02 | K29: 9
A30: PD1 | B30: 0.63246422 | C30: 20490.19 | D30: 42 | H30: PD2 | I30: 0.58862827 | J30: 687.19 | K30: 4
A31: PD4 | B31: 0.56458152 | C31: 26018.42 | D31: 20 | H31: PD4 | I31: 0.55421687 | J31: 4859.33 | K31: 2
A32: Grand Total | B32: 0.66270581 | C32: 156294.87 | D32: 178 | H32: Grand Total | I32: 0.67060432 | J32: 23084.61 | K32: 27
A35: Row Labels | B35: Sum of Total Loaded Cube | C35: Sum of Total Equip Cap | D35: Sum of Total Utilization | E35: Sum of Total Mvmt $ | H35: Row Labels | I35: Sum of Total Loaded Cube | J35: Sum of Total Equip Cap | K35: Sum of Total Utilization | L35: Sum of Total Mvmt $
A36: PD1 | B36: 26145 | C36: 34410 | D36: 0.7598082 | E36: 12159.47 | H36: PD1 | I36: 19084 | J36: 26896 | K36: 0.70954789 | L36: 3342.44
A37: FLDIN T | B37: 3216 | C37: 3830 | D37: 0.83968668 | E37: 1172.45 | H37: MEBNC T | I37: 5608 | J37: 7636 | K37: 0.73441592 | L37: 1854.44
A38: MEBNC T | B38: 17280 | C38: 22932 | D38: 0.75353218 | E38: 5563.32 | H38: SYRNY N | I38: 8348 | J38: 11600 | K38: 0.71965517 | L38: 1080
A39: HASTX D | B39: 5649 | C39: 7648 | D39: 0.73862448 | E39: 5423.7 | H39: BAYNJ N | I39: 5128 | J39: 7660 | K39: 0.6694517 | L39: 408
A40: PD2 | B40: 52608 | C40: 69808 | D40: 0.7536099 | E40: 3458.6 | H40: Grand Total | I40: 19084 | J40: 26896 | K40: 0.70954789 | L40: 3342.44
A41: EZRPA S | B41: 46036 | C41: 60032 | D41: 0.76685768 | E41: 2922.12
A42: OREPA P | B42: 2663 | C42: 3830 | D42: 0.69530026 | E42: 209.1
A43: NASNY P | B43: 3909 | C43: 5946 | D43: 0.65741675 | E43: 327.38 | H43: Row Labels | I43: Sum of Total Loaded Cube | J43: Sum of Total Equip Cap | K43: Sum of Total Utilization | L43: Sum of Total Mvmt $
A44: PD3 | B44: 41028 | C44: 51724 | D44: 0.79321012 | E44: 25068.07 | H44: PD2 | I44: 7930 | J44: 13472 | K44: 0.58862827 | L44: 687.19
A45: SMAGA T | B45: 17330 | C45: 21132 | D45: 0.82008329 | E45: 8017.85 | H45: NASNY P | I45: 1506 | J45: 1982 | K45: 0.75983855 | L45: 109.19
A46: EMPCA A | B46: 2969 | C46: 3830 | D46: 0.77519582 | E46: 4118.14 | H46: EZRPA S | I46: 5792 | J46: 7660 | K46: 0.75613577 | L46: 366
A47: JACFL D | B47: 20729 | C47: 26762 | D47: 0.77456842 | E47: 12932.08 | H47: SADNJ N | I47: 632 | J47: 3830 | K47: 0.16501305 | L47: 212
A48: PD4 | B48: 24558 | C48: 30604 | D48: 0.80244412 | E48: 22408.06 | H48: Grand Total | I48: 7930 | J48: 13472 | K48: 0.58862827 | L48: 687.19
A49: NBACA D | B49: 16006 | C49: 19138 | D49: 0.83634654 | E49: 21120.73
A50: COLOH T | B50: 2940 | C50: 3830 | D50: 0.76762402 | E50: 853.83
A51: WCHPA P | B51: 5612 | C51: 7636 | D51: 0.73493976 | E51: 433.5 | H51: Row Labels | I51: Sum of Total Loaded Cube | J51: Sum of Total Equip Cap | K51: Sum of Total Utilization | L51: Sum of Total Mvmt $
A52: PD5 | B52: 19652 | C52: 24914 | D52: 0.78879345 | E52: 19646.75 | H52: PD3 | I52: 9089 | J52: 11466 | K52: 0.79269144 | L52: 3561.56
A53: ALLPA P | B53: 3288 | C53: 3830 | D53: 0.85848564 | E53: 26 | H53: SMAGA T | I53: 3228 | J53: 3830 | K53: 0.84281984 | L53: 1501.81
A54: EMPCA T | B54: 11974 | C54: 15284 | D54: 0.78343366 | E54: 17249.89 | H54: BURMD N | I54: 3129 | J54: 3818 | K54: 0.81953903 | L54: 332.94
A55: WHITN N | B55: 4390 | C55: 5800 | D55: 0.75689655 | E55: 2370.86 | H55: JACFL D | I55: 2732 | J55: 3818 | K55: 0.71555788 | L55: 1726.81
A56: Grand Total | B56: 163991 | C56: 211460 | D56: 0.77551783 | E56: 82740.95 | H56: Grand Total | I56: 9089 | J56: 11466 | K56: 0.79269144 | L56: 3561.56
A59: Row Labels | B59: Sum of Total Loaded Cube | C59: Sum of Total Equip Cap | D59: Sum of Total Utilization | E59: Sum of Total Mvmt $ | H59: Row Labels | I59: Sum of Total Loaded Cube | J59: Sum of Total Equip Cap | K59: Sum of Total Utilization | L59: Sum of Total Mvmt $
A60: PD1 | B60: 66129 | C60: 111486 | D60: 0.59315968 | E60: 8330.72 | H60: PD4 | I60: 4232 | J60: 7636 | K60: 0.55421687 | L60: 4859.33
A61: EZRPA N | B61: 11233 | C61: 22968 | D61: 0.48907175 | E61: 1095.74 | H61: NBACA D | I61: 3264 | J61: 3818 | K61: 0.85489785 | L61: 4645.13
A62: SYRNY N | B62: 38278 | C62: 61744 | D62: 0.61994688 | E62: 5806.98 | H62: MEANJ N | I62: 968 | J62: 3818 | K62: 0.25353588 | L62: 214.2
A63: BAYNJ N | B63: 16618 | C63: 26774 | D63: 0.62067678 | E63: 1428 | H63: Grand Total | I63: 4232 | J63: 7636 | K63: 0.55421687 | L63: 4859.33
A64: PD2 | B64: 4238 | C64: 15576 | D64: 0.27208526 | E64: 1822.3
A65: SDFAS D | B65: 578 | C65: 3964 | D65: 0.14581231 | E65: 1201.54
A66: SADNJ N | B66: 2514 | C66: 9630 | D66: 0.26105919 | E66: 529.47
A67: FOSNY P | B67: 1146 | C67: 1982 | D67: 0.57820383 | E67: 91.29 | H67: Row Labels | I67: Sum of Total Loaded Cube | J67: Sum of Total Equip Cap | K67: Sum of Total Utilization | L67: Sum of Total Mvmt $
A68: PD3 | B68: 10679 | C68: 22514 | D68: 0.47432709 | E68: 1896.31 | H68: PD5 | I68: 17141 | J68: 23236 | K68: 0.73769151 | L68: 10267.14
A69: LANPA P | B69: 1695 | C69: 3964 | D69: 0.42759839 | E69: 219.3 | H69: EMPCA T | I69: 2893 | J69: 3818 | K69: 0.75772656 | L69: 4118.14
A70: GAIMD N | B70: 7400 | C70: 15320 | D70: 0.48302872 | E70: 1496.22 | H70: CCHIL D | I70: 12837 | J70: 17436 | K70: 0.73623538 | L70: 5937
A71: BRUNY P | B71: 1584 | C71: 3230 | D71: 0.49040248 | E71: 180.79 | H71: WATCT P | I71: 1411 | J71: 1982 | K71: 0.71190716 | L71: 212
A72: PD4 | B72: 2379 | C72: 10290 | D72: 0.23119534 | E72: 998.87 | H72: Grand Total | I72: 17141 | J72: 23236 | K72: 0.73769151 | L72: 10267.14
A73: CRBNJ N | B73: 112 | C73: 3230 | D73: 0.034674923 | E73: 221.85
A74: CHEMA T | B74: 1021 | C74: 3230 | D74: 0.31609907 | E74: 560.27
A75: PHLPA P | B75: 1246 | C75: 3830 | D75: 0.32532637 | E75: 216.75 | H75: Row Labels | I75: Sum of Total Loaded Cube | J75: Sum of Total Equip Cap | K75: Sum of Total Utilization | L75: Sum of Total Mvmt $
A76: PD5 | B76: 11533 | C76: 17782 | D76: 0.64857721 | E76: 3135.11 | H76: PD1 | I76: 14266 | J76: 23090 | K76: 0.61784322 | L76: 1670.58
A77: NBLOH T | B77: 6291 | C77: 9854 | D77: 0.63842095 | E77: 2304.65 | H77: EZRPA N | I77: 790 | J77: 3830 | K77: 0.20626632 | L77: 182.58
A78: WATCT P | B78: 3876 | C78: 5946 | D78: 0.6518668 | E78: 636.24 | H78: BAYNJ N | I78: 5128 | J78: 7660 | K78: 0.6694517 | L78: 408
A79: HARCT N | B79: 1366 | C79: 1982 | D79: 0.68920283 | E79: 194.22 | H79: SYRNY N | I79: 8348 | J79: 11600 | K79: 0.71965517 | L79: 1080
A80: Grand Total | B80: 94958 | C80: 177648 | D80: 0.53452896 | E80: 16183.31 | H80: Grand Total | I80: 14266 | J80: 23090 | K80: 0.61784322 | L80: 1670.58
H83: Row Labels | I83: Sum of Total Loaded Cube | J83: Sum of Total Equip Cap | K83: Sum of Total Utilization | L83: Sum of Total Mvmt $
H84: PD2 | I84: 7930 | J84: 13472 | K84: 0.58862827 | L84: 687.19
H85: SADNJ N | I85: 632 | J85: 3830 | K85: 0.16501305 | L85: 212
H86: EZRPA S | I86: 5792 | J86: 7660 | K86: 0.75613577 | L86: 366
H87: NASNY P | I87: 1506 | J87: 1982 | K87: 0.75983855 | L87: 109.19
H88: Grand Total | I88: 7930 | J88: 13472 | K88: 0.58862827 | L88: 687.19
H91: Row Labels | I91: Sum of Total Loaded Cube | J91: Sum of Total Equip Cap | K91: Sum of Total Utilization | L91: Sum of Total Mvmt $
H92: PD3 | I92: 7940 | J92: 11086 | K92: 0.71621865 | L92: 2244.12
H93: M43NY N | I93: 2079 | J93: 3450 | K93: 0.6026087 | L93: 184.37
H94: JACFL D | I94: 2732 | J94: 3818 | K94: 0.71555788 | L94: 1726.81
H95: BURMD N | I95: 3129 | J95: 3818 | K95: 0.81953903 | L95: 332.94
H96: Grand Total | I96: 7940 | J96: 11086 | K96: 0.71621865 | L96: 2244.12
H99: Row Labels | I99: Sum of Total Loaded Cube | J99: Sum of Total Equip Cap | K99: Sum of Total Utilization | L99: Sum of Total Mvmt $
H100: PD4 | I100: 4232 | J100: 7636 | K100: 0.55421687 | L100: 4859.33
H101: MEANJ N | I101: 968 | J101: 3818 | K101: 0.25353588 | L101: 214.2
H102: NBACA D | I102: 3264 | J102: 3818 | K102: 0.85489785 | L102: 4645.13
H103: Grand Total | I103: 4232 | J103: 7636 | K103: 0.55421687 | L103: 4859.33
H107: Row Labels | I107: Sum of Total Loaded Cube | J107: Sum of Total Equip Cap | K107: Sum of Total Utilization | L107: Sum of Total Mvmt $
H108: PD5 | I108: 17141 | J108: 23236 | K108: 0.73769151 | L108: 10267.14
H109: WATCT P | I109: 1411 | J109: 1982 | K109: 0.71190716 | L109: 212
H110: CCHIL D | I110: 12837 | J110: 17436 | K110: 0.73623538 | L110: 5937
H111: EMPCA T | I111: 2893 | J111: 3818 | K111: 0.75772656 | L111: 4118.14
H112: Grand Total | I112: 17141 | J112: 23236 | K112: 0.73769151 | L112: 10267.14

Sheet Load Information Lookup
A1: Destinations | B1: SLICS | C1: Cetner | D1: SLICS | E1: Destinations
A2: 0703 P | B2: 703 | C2: LYNDHURST VILLAGE | D2: 703 P | E2: 0703 P
A3: 1006 P | B3: 1006 | C3: 43RD ST-3RD FLR PRE | D3: 1006 P | E3: 1006 P
A4: 1015 P | B4: 1015 | C4: 43RD ST-4TH FLR PRE | D4: 1015 P | E4: 1015 P
A5: 1017 P | B5: 1017 | C5: 43RD ST-2ND FLR PRE | D5: 1017 P | E5: 1017 P
A6: 1075 M | B6: 1075 | C6: YONKERS | D6: 1075 M | E6: 1075 M
A7: 1075 P | B7: 1075 | C7: YONKERS | D7: 1075 P | E7: 1075 P
A8: 1110 P | B8: 1110 | C8: QUEENS NORTH | D8: 1110 P | E8: 1110 P
A9: 1123 P | B9: 1123 | C9: OCEAN HILL | D9: 1123 P | E9: 1123 P
A10: 1164 P | B10: 1164 | C10: SPRINGFIELD | D10: 1164 P | E10: 1164 P
A11: 1170 P | B11: 1170 | C11: SUFFOLK-PATCHOGUE | D11: 1170 P | E11: 1170 P
A12: ALLPA P | B12: 1819 | C12: ALLENTOWN SORT | D12: 1819 P | E12: ALLPA P
A13: ATLGA T | B13: 3039 | C13: ATLGA T | D13: 3039 T | E13: ATLGA T
... A159: WHITN N | B159: 3719 | C159: WHITES CREEK HUB | D159: 3719 N | E159: WHITN N

Sheet Outbound Lineup
A1: PD1
A2: 96 | B2: 0810 P | C2: PD1
A3: 97 | B3: SYRNY N | C3: PD1
A4: 98 | B4: NIACT P | C4: PD1
A5: 99 | B5: SYRNY N | C5: PD1
A6: 100 | B6: VIRPA P | C6: PD1
A7: 101 | C7: PD1
A8: 102 | B8: SCRPA P | C8: PD1
A9: 103 | B9: MEBNC T | C9: PD1
A10: 104 | B10: REAPA P | C10: PD1
A11: 105 | B11: MEBNC T | C11: PD1
A12: 106 | B12: GDRAZ N | C12: PD1
A13: 107 | B13: POUNY P | C13: PD1
A14: 108 | C14: PD1
A15: 109 | B15: FLDIN T | C15: PD1
A16: 110 | B16: KIGNY P | C16: PD1
A17: 111 | B17: HASTX D | C17: PD1
A18: 112 | B18: SVANY P | C18: PD1
A19: 113 | B19: STRCT P | C19: PD1
A20: 114 | B20: CHENY P | C20: PD1
A21: 115 | B21: BAYNJ N | C21: PD1
A22: 116 | B22: ORACT P | C22: PD1
A23: 117 | B23: EZPRA N | C23: PD1
A24: 118 | B24: EZRPA N | C24: PD1
A25: 119 | B25: ALEVA P | C25: PD1
A26: PD2
A27: 122 | B27: BETPA P | C27: PD2
A28: 123 | B28: EZRPA S | C28: PD2
A29: 124 | B29: WBAPA P | C29: PD2
A30: 125 | B30: EZRPA S | C30: PD2
A31: 126 | B31: RICVA P | C31: PD2
A32: 127 | B32: 1170 P | C32: PD2
A33: 128 | B33: SADNJ N | C33: PD2
A34: 129 | B34: CAHSC T | C34: PD2
A35: 130 | B35: CHRDE P | C35: PD2
A36: 131 | B36: OREPA P | C36: PD2
A37: 132 | B37: BLVNY P | C37: PD2
A38: 133 | B38: 1164 P | C38: PD2
... A40: 135 | B40: PARNJ P | C40: PD2
A41: 136 | C41: PD2
A42: 137 | B42: BUFNY P | C42: PD2
A43: 138 | B43: ISLNY P | C43: PD2
A44: 139 | B44: TFANJ P | C44: PD2
A45: 140 | B45: NASNY P | C45: PD2
A46: 141 | B46: PHLPA N | C46: PD2
A47: 142 | B47: SDFAS D | C47: PD2
A48: 143 | B48: 1110 P | C48: PD2
A49: 144 | B49: SDFAS N | C49: PD2
A50: 145 | B50: RFDIL N | C50: PD2
A51: PD3
A52: 1 | B52: 1015 P | C52: PD3
A53: 2 | B53: DANCT P | C53: PD3
A54: 3 | B54: SMAGA T | C54: PD3
A55: 4 | C55: PD3
A56: 5 | B56: BURMD N | C56: PD3
A57: 6 | B57: NOWCT P | C57: PD3
A58: 7 | B58: MANNY P | C58: PD3
A59: 8 | C59: PD3
A60: 9 | B60: DULVA P | C60: PD3
A61: 10 | B61: LANPA P | C61: PD3
A62: 11 | B62: JACFL D | C62: PD3
A63: 12 | B63: WILPA P | C63: PD3
A64: 13 | B64: EMPCA A | C64: PD3
A65: 14 | C65: PD3
A66: 15 | B66: M43NY N | C66: PD3
A67: 16 | B67: ENFCT P | C67: PD3
A68: 17 | B68: BRUNY P | C68: PD3
A69: 18 | C69: PD3
A70: 19 | B70: HASTX T | C70: PD3
A71: 20 | C71: PD3
A72: 21 | B72: GAIMD N | C72: PD3
A73: 22 | B73: 1006 P | C73: PD3
A74: 23 | B74: GAIMD N | C74: PD3
A75: 24 | B75: MOUNY P | C75: PD3
A76: PD4
A77: 45 | B77: SADNJ P | C77: PD4
A78: 46 | B78: LEXKY T | C78: PD4
A79: 47 | B79: MOLNJ P | C79: PD4
A80: 48 | B80: CHEMA T | C80: PD4
A81: 49 | B81: NHACT P | C81: PD4
A82: 50 | B82: PRORI T | C82: PD4
A83: 51 | B83: MEANJ P | C83: PD4
A84: 52 | B84: CRBNJ P | C84: PD4
A85: 53 | B85: BURMD P | C85: PD4
A86: 54 | B86: COLOH T | C86: PD4
A87: 55 | B87: PHLPA P | C87: PD4
A88: 56 | B88: MQUNY P | C88: PD4
... A100: 68 | B100: WCHPA P | C100: PD4
A101: PD5
A102: 71 | B102: CCHIL D | C102: PD5
A103: 72 | B103: CCHIL D | C103: PD5
A104: 73 | B104: LAKNJ P | C104: PD5
A105: 74 | B105: CCHIL D | C105: PD5
A106: 75 | B106: WASDC P | C106: PD5
A107: 76 | B107: BBRNJ P | C107: PD5
A108: 77 | B108: WHITN P | C108: PD5
A109: 78 | B109: EMPCA T | C109: PD5
A110: 79 | B110: HARDE P | C110: PD5
A111: 80 | B111: 0816 P | C111: PD5
A112: 81 | B112: NWCDE P | C112: PD5
...

Sheet Cube Utilization Report
A1: BETPA Twilight Cube Utilization Report
A2: Weekly Report | G2: Daily Report
A4: =Pivots!A4 -> 45717 | G4: =Pivots!H4 -> 45715
A5: Sort Totals
B6: Utilization Goal | D6: 0.588 | H6: Utilization Goal | J6: 0.588
B7: Utilization Actual | D7: =GETPIVOTDATA("Sum of Total Utilization",Pivots!$A$26) -> 0.66270581 | H7: Utilization Actual | J7: =GETPIVOTDATA("Sum of Total Utilization",Pivots!$H$26) -> 0.67060432
B8: Difference | D8: =D7-D6 -> 0.074705805 | H8: Difference | J8: =J7-J6 -> 0.082604316
B10: Total Loads | D10: =GETPIVOTDATA("Sum of Total Loads",Pivots!$A$26) -> 178 | H10: Total Loads | J10: =GETPIVOTDATA("Sum of Total Loads",Pivots!$H$26) -> 27
B11: Total Cost | D11: =GETPIVOTDATA("Sum of Total Mvmt $",Pivots!$A$26) -> 156294.87 | H11: Total Cost | J11: =GETPIVOTDATA("Sum of Total Mvmt $",Pivots!$H$26) -> 23084.61
A13: Outbound Rank | G13: Outbound Rank
A14: Area | B14: Utilization | C14: To Plan | D14: Cost | E14: Loads Built | G14: Area | H14: Utilization | I14: To Plan | J14: Cost | K14: Loads Built
A15: {=Pivots!A27:A31} -> PD5 | B15: {=Pivots!B27:B31} -> 0.71329116 | C15: =B15-$D$6 -> 0.12529116 | D15: {=Pivots!C27:C31} -> 70490.02 | E15: {=Pivots!D27:D31} -> 55 | G15: {=Pivots!H27:H31} -> PD3 | H15: {=Pivots!I27:I31} -> 0.7487262 | I15: =H15-$J$6 -> 0.1607262 | J15: {=Pivots!J27:J31} -> 3745.93 | K15: {=Pivots!K27:K31} -> 4
A16: PD3 | B16: 0.68727221 | C16: =B16-$D$6 -> 0.099272206 | D16: 32751.34 | E16: 34 | G16: PD5 | H16: 0.73769151 | I16: =H16-$J$6 -> 0.14969151 | J16: 10267.14 | K16: 8
A17: PD2 | B17: 0.6640998 | C17: =B17-$D$6 -> 0.076099805 | D17: 6544.9 | E17: 27 | G17: PD1 | H17: 0.64681377 | I17: =H17-$J$6 -> 0.058813773 | J17: 3525.02 | K17: 9
A18: PD1 | B18: 0.63246422 | C18: =B18-$D$6 -> 0.044464221 | D18: 20490.19 | E18: 42 | G18: PD2 | H18: 0.58862827 | I18: =H18-$J$6 -> 0.00062826603 | J18: 687.19 | K18: 4
A19: PD4 | B19: 0.56458152 | C19: =B19-$D$6 -> -0.023418481 | D19: 26018.42 | E19: 20 | G19: PD4 | H19: 0.55421687 | I19: =H19-$J$6 -> -0.033783133 | J19: 4859.33 | K19: 2
A21: Top 5 Best Destinations | G21: Top 5 Best Destinations
A22: Destination | B22: Loaded Cube | C22: Cube Capacity | D22: Utilization | E22: Cost | G22: Destination | H22: Loaded Cube | I22: Cube Capacity | J22: Utilization | K22: Cost
A23: {=Pivots!A9:E13} -> ALLPA P | B23: 3288 | C23: 3830 | D23: 0.85848564 | E23: 26 | G23: {=Pivots!H9:L13} -> NBACA D | H23: 3264 | I23: 3818 | J23: 0.85489785 | K23: 4645.13
A24: FLDIN T | B24: 3216 | C24: 3830 | D24: 0.83968668 | E24: 1172.45 | G24: SMAGA T | H24: 3228 | I24: 3830 | J24: 0.84281984 | K24: 1501.81
A25: NBACA D | B25: 16006 | C25: 19138 | D25: 0.83634654 | E25: 21120.73 | G25: BURMD N | H25: 3129 | I25: 3818 | J25: 0.81953903 | K25: 332.94
A26: SMAGA T | B26: 17330 | C26: 21132 | D26: 0.82008329 | E26: 8017.85 | G26: NASNY P | H26: 1506 | I26: 1982 | J26: 0.75983855 | K26: 109.19
A27: EMPCA T | B27: 11974 | C27: 15284 | D27: 0.78343366 | E27: 17249.89 | G27: EMPCA T | H27: 2893 | I27: 3818 | J27: 0.75772656 | K27: 4118.14
A29: Top 5 Most to Gain Destinations | G29: Top 5 Most to Gain Destinations
A30: Destination | B30: Loaded Cube | C30: Cube Capacity | D30: Utilization | E30: Cost | G30: Destination | H30: Loaded Cube | I30: Cube Capacity | J30: Utilization | K30: Cost
A31: {=Pivots!A18:E22} -> CRBNJ N | B31: 112 | C31: 3230 | D31: 0.034674923 | E31: 221.85 | G31: {=Pivots!H18:L22} -> SADNJ N | H31: 632 | I31: 3830 | J31: 0.16501305 | K31: 212
A32: SDFAS D | B32: 578 | C32: 3964 | D32: 0.14581231 | E32: 1201.54 | G32: EZRPA N | H32: 790 | I32: 3830 | J32: 0.20626632 | K32: 182.58
A33: SADNJ N | B33: 2514 | C33: 9630 | D33: 0.26105919 | E33: 529.47 | G33: MEANJ N | H33: 968 | I33: 3818 | J33: 0.25353588 | K33: 214.2
A34: CHEMA T | B34: 1021 | C34: 3230 | D34: 0.31609907 | E34: 560.27 | G34: M43NY N | H34: 2079 | I34: 3450 | J34: 0.6026087 | K34: 184.37
A35: PHLPA P | B35: 1246 | C35: 3830 | D35: 0.32532637 | E35: 216.75 | G35: BAYNJ N | H35: 5128 | I35: 7660 | J35: 0.6694517 | K35: 408
A37: Outbounds
A38: PD1
B39: Utilization Goal | D39: 0.588 | H39: Utilization Goal | J39: 0.588
B40: Utilization Actual | D40: =_xlfn.XLOOKUP(A38,$A$14:$A$19,$B$14:$B$19) -> 0.63246422 | H40: Utilization Actual | J40: =_xlfn.XLOOKUP(A38,$G$14:$G$19,$H$14:$H$19) -> 0.64681377
B41: Difference | D41: =D40-D39 -> 0.044464221 | H41: Difference | J41: =J40-J39 -> 0.058813773
B43: Total Loads | D43: =_xlfn.XLOOKUP(A38,$A$14:$A$19,$E$14:$E$19) -> 42 | H43: Total Loads | J43: =_xlfn.XLOOKUP(A38,$G$14:$G$19,$K$14:$K$19) -> 9
B44: Total Cost | D44: =_xlfn.XLOOKUP(A38,$A$14:$A$19,$D$14:$D$19) -> 20490.19 | H44: Total Cost | J44: =_xlfn.XLOOKUP(A38,$G$14:$G$19,$J$14:$J$19) -> 3525.02
A46: Top 5 Best Destinations | G46: Top 5 Best Destinations
A47: Destination | B47: Loaded Cube | C47: Cube Capacity | D47: Utilization | E47: Cost | G47: Destination | H47: Loaded Cube | I47: Cube Capacity | J47: Utilization | K47: Cost
A48: {=Pivots!A37:E39} -> FLDIN T | B48: 3216 | C48: 3830 | D48: 0.83968668 | E48: 1172.45 | G48: =IF(Pivots!H37<>"Grand Total",Pivots!H37,"") -> MEBNC T | H48: =IF(G48<>"",Pivots!I37,"") -> 5608 | I48: =IF($G$48<>"",Pivots!J37,"") -> 7636 | J48: =IF($G$48<>"",Pivots!K37,"") -> 0.73441592 | K48: =IF($G$48<>"",Pivots!L37,"") -> 1854.44
A49: MEBNC T | B49: 17280 | C49: 22932 | D49: 0.75353218 | E49: 5563.32 | G49: =IF(Pivots!H38<>"Grand Total",Pivots!H38,"") -> SYRNY N | H49: =IF($G$49<>"",Pivots!I38,"") -> 8348 | I49: =IF($G$49<>"",Pivots!J38,"") -> 11600 | J49: =IF($G$49<>"",Pivots!K38,"") -> 0.71965517 | K49: =IF($G$49<>"",Pivots!L38,"") -> 1080
A50: HASTX D | B50: 5649 | C50: 7648 | D50: 0.73862448 | E50: 5423.7 | G50: =IF(Pivots!H39<>"Grand Total",Pivots!H39,"") -> BAYNJ N | H50: =IF($G$50<>"",Pivots!I39,"") -> 5128 | I50: =IF($G$50<>"",Pivots!J39,"") -> 7660 | J50: =IF($G$50<>"",Pivots!K39,"") -> 0.6694517 | K50: =IF($G$50<>"",Pivots!L39,"") -> 408
H51: =IF(G51<>"",Pivots!I40,"")
A52: Top 5 Most to Gain Destinations | G52: Top 5 Most to Gain Destinations
A53: Destination | B53: Loaded Cube | C53: Cube Capacity | D53: Utilization | E53: Cost | G53: Destination | H53: Loaded Cube | I53: Cube Capacity | J53: Utilization | K53: Cost
A54: {=Pivots!A61:E63} -> EZRPA N | B54: 11233 | C54: 22968 | D54: 0.48907175 | E54: 1095.74 | G54: =IF(Pivots!H77<>"Grand Total",Pivots!H77,"") -> EZRPA N | H54: =IF($G$54<>"",Pivots!I77,"") -> 790 | I54: =IF($G$54<>"",Pivots!J77,"") -> 3830 | J54: =IF($G$54<>"",Pivots!K77,"") -> 0.20626632 | K54: =IF($G$54<>"",Pivots!L77,"") -> 182.58
A55: SYRNY N | B55: 38278 | C55: 61744 | D55: 0.61994688 | E55: 5806.98 | G55: =IF(Pivots!H78<>"Grand Total",Pivots!H78,"") -> BAYNJ N | H55: =IF($G$55<>"",Pivots!I78,"") -> 5128 | I55: =IF($G$55<>"",Pivots!J78,"") -> 7660 | J55: =IF($G$55<>"",Pivots!K78,"") -> 0.6694517 | K55: =IF($G$55<>"",Pivots!L78,"") -> 408
A56: BAYNJ N | B56: 16618 | C56: 26774 | D56: 0.62067678 | E56: 1428 | G56: =IF(Pivots!H79<>"Grand Total",Pivots!H79,"") -> SYRNY N | H56: =IF($G$56<>"",Pivots!I79,"") -> 8348 | I56: =IF($G$56<>"",Pivots!J79,"") -> 11600 | J56: =IF($G$56<>"",Pivots!K79,"") -> 0.71965517 | K56: =IF($G$56<>"",Pivots!L79,"") -> 1080
A58: PD2
B59: Utilization Goal | D59: 0.588 | H59: Utilization Goal | J59: 0.588
B60: Utilization Actual | D60: =_xlfn.XLOOKUP(A58,$A$14:$A$19,$B$14:$B$19) -> 0.6640998 | H60: Utilization Actual | J60: =_xlfn.XLOOKUP(A58,$G$14:$G$19,$H$14:$H$19) -> 0.58862827
B61: Difference | D61: =D60-D59 -> 0.076099805 | H61: Difference | J61: =J60-J59 -> 0.00062826603
B63: Total Loads | D63: =_xlfn.XLOOKUP(A58,$A$14:$A$19,$E$14:$E$19) -> 27 | H63: Total Loads | J63: =_xlfn.XLOOKUP(A58,$G$14:$G$19,$K$14:$K$19) -> 4
B64: Total Cost | D64: =_xlfn.XLOOKUP(A58,$A$14:$A$19,$D$14:$D$19) -> 6544.9 | H64: Total Cost | J64: =_xlfn.XLOOKUP(A58,$G$14:$G$19,$J$14:$J$19) -> 687.19
A66: Top 5 Best Destinations | G66: Top 5 Best Destinations
A67: Destination | B67: Loaded Cube | C67: Cube Capacity | D67: Utilization | E67: Cost | G67: Destination | H67: Loaded Cube | I67: Cube Capacity | J67: Utilization | K67: Cost
A68: {=Pivots!A41:E43} -> EZRPA S | B68: 46036 | C68: 60032 | D68: 0.76685768 | E68: 2922.12 | G68: =IF(Pivots!H45<>"Grand Total",Pivots!H45,"") -> NASNY P | H68: =IF($G$68<>"",Pivots!I45,"") -> 1506 | I68: =IF($G$68<>"",Pivots!J45,"") -> 1982 | J68: =IF($G$68<>"",Pivots!K45,"") -> 0.75983855 | K68: =IF($G$68<>"",Pivots!L45,"") -> 109.19
A69: OREPA P | B69: 2663 | C69: 3830 | D69: 0.69530026 | E69: 209.1 | G69: =IF(Pivots!H46<>"Grand Total",Pivots!H46,"") -> EZRPA S | H69: =IF($G$69<>"",Pivots!I46,"") -> 5792 | I69: =IF($G$69<>"",Pivots!J46,"") -> 7660 | J69: =IF($G$69<>"",Pivots!K46,"") -> 0.75613577 | K69: =IF($G$69<>"",Pivots!L46,"") -> 366
A70: NASNY P | B70: 3909 | C70: 5946 | D70: 0.65741675 | E70: 327.38 | G70: =IF(Pivots!H47<>"Grand Total",Pivots!H47,"") -> SADNJ N | H70: =IF($G$70<>"",Pivots!I47,"") -> 632 | I70: =IF($G$70<>"",Pivots!J47,"") -> 3830 | J70: =IF($G$70<>"",Pivots!K47,"") -> 0.16501305 | K70: =IF($G$70<>"",Pivots!L47,"") -> 212
H71: =IF(G71<>"",Pivots!I60,"")
A72: Top 5 Most to Gain Destinations | G72: Top 5 Most to Gain Destinations
A73: Destination | B73: Loaded Cube | C73: Cube Capacity | D73: Utilization | E73: Cost | G73: Destination | H73: Loaded Cube | I73: Cube Capacity | J73: Utilization | K73: Cost
A74: {=Pivots!A65:E67} -> SDFAS D | B74: 578 | C74: 3964 | D74: 0.14581231 | E74: 1201.54 | G74: =IF(Pivots!H85<>"Grand Total",Pivots!H85,"") -> SADNJ N | H74: =IF($G$74<>"",Pivots!I85,"") -> 632 | I74: =IF($G$74<>"",Pivots!J85,"") -> 3830 | J74: =IF($G$74<>"",Pivots!K85,"") -> 0.16501305 | K74: =IF($G$74<>"",Pivots!L85,"") -> 212
A75: SADNJ N | B75: 2514 | C75: 9630 | D75: 0.26105919 | E75: 529.47 | G75: =IF(Pivots!H86<>"Grand Total",Pivots!H86,"") -> EZRPA S | H75: =IF($G$75<>"",Pivots!I86,"") -> 5792 | I75: =IF($G$75<>"",Pivots!J86,"") -> 7660 | J75: =IF($G$75<>"",Pivots!K86,"") -> 0.75613577 | K75: =IF($G$75<>"",Pivots!L86,"") -> 366
A76: FOSNY P | B76: 1146 | C76: 1982 | D76: 0.57820383 | E76: 91.29 | G76: =IF(Pivots!H87<>"Grand Total",Pivots!H87,"") -> NASNY P | H76: =IF($G$76<>"",Pivots!I87,"") -> 1506 | I76: =IF($G$76<>"",Pivots!J87,"") -> 1982 | J76: =IF($G$76<>"",Pivots!K87,"") -> 0.75983855 | K76: =IF($G$76<>"",Pivots!L87,"") -> 109.19
A78: PD3
B79: Utilization Goal | D79: 0.588 | H79: Utilization Goal | J79: 0.588
B80: Utilization Actual | D80: =_xlfn.XLOOKUP(A78,$A$14:$A$19,$B$14:$B$19) -> 0.68727221 | H80: Utilization Actual | J80: =_xlfn.XLOOKUP(A78,$G$14:$G$19,$H$14:$H$19) -> 0.7487262
B81: Difference | D81: =D80-D79 -> 0.099272206 | H81: Difference | J81: =J80-J79 -> 0.1607262
B83: Total Loads | D83: =_xlfn.XLOOKUP(A78,$A$14:$A$19,$E$14:$E$19) -> 34 | H83: Total Loads | J83: =_xlfn.XLOOKUP(A78,$G$14:$G$19,$K$14:$K$19) -> 4
B84: Total Cost | D84: =_xlfn.XLOOKUP(A78,$A$14:$A$19,$D$14:$D$19) -> 32751.34 | H84: Total Cost | J84: =_xlfn.XLOOKUP(A78,$G$14:$G$19,$J$14:$J$19) -> 3745.93
A86: Top 5 Best Destinations | G86: Top 5 Best Destinations
A87: Destination | B87: Loaded Cube | C87: Cube Capacity | D87: Utilization | E87: Cost | G87: Destination | H87: Loaded Cube | I87: Cube Capacity | J87: Utilization | K87: Cost
A88: {=Pivots!A45:E47} -> SMAGA T | B88: 17330 | C88: 21132 | D88: 0.82008329 | E88: 8017.85 | G88: =IF(Pivots!H53<>"Grand Total",Pivots!H53,"") -> SMAGA T | H88: =IF($G$88<>"",Pivots!I53,"") -> 3228 | I88: =IF($G$88<>"",Pivots!J53,"") -> 3830 | J88: =IF($G$88<>"",Pivots!K53,"") -> 0.84281984 | K88: =IF($G$88<>"",Pivots!L53,"") -> 1501.81
A89: EMPCA A | B89: 2969 | C89: 3830 | D89: 0.77519582 | E89: 4118.14 | G89: =IF(Pivots!H54<>"Grand Total",Pivots!H54,"") -> BURMD N | H89: =IF($G$89<>"",Pivots!I54,"") -> 3129 | I89: =IF($G$89<>"",Pivots!J54,"") -> 3818 | J89: =IF($G$89<>"",Pivots!K54,"") -> 0.81953903 | K89: =IF($G$89<>"",Pivots!L54,"") -> 332.94
A90: JACFL D | B90: 20729 | C90: 26762 | D90: 0.77456842 | E90: 12932.08 | G90: =IF(Pivots!H55<>"Grand Total",Pivots!H55,"") -> JACFL D | H90: =IF($G$90<>"",Pivots!I55,"") -> 2732 | I90: =IF($G$90<>"",Pivots!J55,"") -> 3818 | J90: =IF($G$90<>"",Pivots!K55,"") -> 0.71555788 | K90: =IF($G$90<>"",Pivots!L55,"") -> 1726.81
H91: =IF(G91<>"",Pivots!I80,"")
A92: Top 5 Most to Gain Destinations | G92: Top 5 Most to Gain Destinations
A93: Destination | B93: Loaded Cube | C93: Cube Capacity | D93: Utilization | E93: Cost | G93: Destination | H93: Loaded Cube | I93: Cube Capacity | J93: Utilization | K93: Cost
A94: {=Pivots!A69:E71} -> LANPA P | B94: 1695 | C94: 3964 | D94: 0.42759839 | E94: 219.3 | G94: =IF(Pivots!H93<>"Grand Total",Pivots!H93,"") -> M43NY N | H94: =IF($G$94<>"",Pivots!I93,"") -> 2079 | I94: =IF($G$94<>"",Pivots!J93,"") -> 3450 | J94: =IF($G$94<>"",Pivots!K93,"") -> 0.6026087 | K94: =IF($G$94<>"",Pivots!L93,"") -> 184.37
A95: GAIMD N | B95: 7400 | C95: 15320 | D95: 0.48302872 | E95: 1496.22 | G95: =IF(Pivots!H94<>"Grand Total",Pivots!H94,"") -> JACFL D | H95: =IF($G$95<>"",Pivots!I94,"") -> 2732 | I95: =IF($G$95<>"",Pivots!J94,"") -> 3818 | J95: =IF($G$95<>"",Pivots!K94,"") -> 0.71555788 | K95: =IF($G$95<>"",Pivots!L94,"") -> 1726.81
A96: BRUNY P | B96: 1584 | C96: 3230 | D96: 0.49040248 | E96: 180.79 | G96: =IF(Pivots!H95<>"Grand Total",Pivots!H95,"") -> BURMD N | H96: =IF($G$96<>"",Pivots!I95,"") -> 3129 | I96: =IF($G$96<>"",Pivots!J95,"") -> 3818 | J96: =IF($G$96<>"",Pivots!K95,"") -> 0.81953903 | K96: =IF($G$96<>"",Pivots!L95,"") -> 332.94
A98: PD4
B99: Utilization Goal | D99: 0.588 | H99: Utilization Goal | J99: 0.588
B100: Utilization Actual | D100: =_xlfn.XLOOKUP(A98,$A$14:$A$19,$B$14:$B$19) -> 0.56458152 | H100: Utilization Actual | J100: =_xlfn.XLOOKUP(A98,$G$14:$G$19,$H$14:$H$19) -> 0.55421687
B101: Difference | D101: =D100-D99 -> -0.023418481 | H101: Difference | J101: =J100-J99 -> -0.033783133
B103: Total Loads | D103: =_xlfn.XLOOKUP(A98,$A$14:$A$19,$E$14:$E$19) -> 20 | H103: Total Loads | J103: =_xlfn.XLOOKUP(A98,$G$14:$G$19,$K$14:$K$19) -> 2
B104: Total Cost | D104: =_xlfn.XLOOKUP(A98,$A$14:$A$19,$D$14:$D$19) -> 26018.42 | H104: Total Cost | J104: =_xlfn.XLOOKUP(A98,$G$14:$G$19,$J$14:$J$19) -> 4859.33
A106: Top 5 Best Destinations | G106: Top 5 Best Destinations
A107: Destination | B107: Loaded Cube | C107: Cube Capacity | D107: Utilization | E107: Cost | G107: Destination | H107: Loaded Cube | I107: Cube Capacity | J107: Utilization | K107: Cost
A108: {=Pivots!A49:E51} -> NBACA D | B108: 16006 | C108: 19138 | D108: 0.83634654 | E108: 21120.73 | G108: =IF(AND(Pivots!H61<>"Grand Total",Pivots!H61<>""),Pivots!H61,"") -> NBACA D | H108: =IF($G$108<>"",Pivots!I61,"") -> 3264 | I108: =IF($G$108<>"",Pivots!J61,"") -> 3818 | J108: =IF($G$108<>"",Pivots!K61,"") -> 0.85489785 | K108: =IF($G$108<>"",Pivots!L61,"") -> 4645.13
A109: COLOH T | B109: 2940 | C109: 3830 | D109: 0.76762402 | E109: 853.83 | G109: =IF(AND(Pivots!H62<>"Grand Total",Pivots!H62<>""),Pivots!H62,"") -> MEANJ N | H109: =IF($G$109<>"",Pivots!I62,"") -> 968 | I109: =IF($G$109<>"",Pivots!J62,"") -> 3818 | J109: =IF($G$109<>"",Pivots!K62,"") -> 0.25353588 | K109: =IF($G$109<>"",Pivots!L62,"") -> 214.2
A110: WCHPA P | B110: 5612 | C110: 7636 | D110: 0.73493976 | E110: 433.5 | G110: =IF(AND(Pivots!H63<>"Grand Total",Pivots!H63<>""),Pivots!H63,"") | H110: =IF($G$110<>"",Pivots!I63,"") | I110: =IF($G$110<>"",Pivots!J63,"") | J110: =IF($G$110<>"",Pivots!K63,"") | K110: =IF($G$110<>"",Pivots!L63,"")
H111: =IF(G111<>"",Pivots!I100,"")
A112: Top 5 Most to Gain Destinations | G112: Top 5 Most to Gain Destinations
A113: Destination | B113: Loaded Cube | C113: Cube Capacity | D113: Utilization | E113: Cost | G113: Destination | H113: Loaded Cube | I113: Cube Capacity | J113: Utilization | K113: Cost
A114: {=Pivots!A73:E75} -> CRBNJ N | B114: 112 | C114: 3230 | D114: 0.034674923 | E114: 221.85 | G114: =IF(AND(Pivots!H101<>"Grand Total",Pivots!H101<>""),Pivots!H101,"") -> MEANJ N | H114: =IF($G$114<>"",Pivots!I101,"") -> 968 | I114: =IF($G$114<>"",Pivots!J101,"") -> 3818 | J114: =IF($G$114<>"",Pivots!K101,"") -> 0.25353588 | K114: =IF($G$114<>"",Pivots!L101,"") -> 214.2
A115: CHEMA T | B115: 1021 | C115: 3230 | D115: 0.31609907 | E115: 560.27 | G115: =IF(AND(Pivots!H102<>"Grand Total",Pivots!H102<>""),Pivots!H102,"") -> NBACA D | H115: =IF($G$115<>"",Pivots!I102,"") -> 3264 | I115: =IF($G$115<>"",Pivots!J102,"") -> 3818 | J115: =IF($G$115<>"",Pivots!K102,"") -> 0.85489785 | K115: =IF($G$115<>"",Pivots!L102,"") -> 4645.13
A116: PHLPA P | B116: 1246 | C116: 3830 | D116: 0.32532637 | E116: 216.75 | G116: =IF(AND(Pivots!H103<>"Grand Total",Pivots!H103<>""),Pivots!H103,"") | H116: =IF($G$116<>"",Pivots!I103,"") | I116: =IF($G$116<>"",Pivots!J103,"") | J116: =IF($G$116<>"",Pivots!K103,"") | K116: =IF($G$116<>"",Pivots!L103,"")
A118: PD5
...
